sku,kind,quality,productEn,productZh,storeCode,storeEn,storeZh,currentExecutable,executionStatus,retailSeason,retailSeasonValue,retailSeasonActive,productionSeason,productionChainActive,marketDate,saturation,demand,averagePrice,priceUiLower,priceUiUpper,optimalPrice,optimizerStatus,optimizerLower,optimizerUpper,optimizerNeighborOptimal,optimizerPreviousPrice,optimizerPreviousNetPerHour,optimizerNextPrice,optimizerNextNetPerHour,currentOwnCostPerUnit,neutralModelCostPerUnit,retailWagePerHour,retailWagePerUnit,operatingCostPerUnit,unitsPerHour,revenuePerHour,grossContributionPerUnit,grossContributionPerHour,grossContributionMargin,markupOnOwnCost,operatingNetPerUnit,operatingNetPerHour,operatingNetMargin,operatingReturnOnOperatingCost,currentProductionLevelsPerUnitPerHour,requiredProductionLevels,totalOperatingLevels,regularSlotEquivalent,minimumBuildingTypes,operatingNetPerTotalLevel,productionBuildings,temporaryProductionModifierPct,permanentProductionModifierPct,permanentSalesModifierPct,weatherMultiplier,administrationOverhead,sourceEconomyState,retailCurveQualityArgument,rankTheoreticalNetPerHour,rankExecutableNetPerHour,rankStoreNetPerHour,rankTheoreticalOperatingNetMargin,rankExecutableOperatingNetMargin,rankStoreOperatingNetMargin,rankTheoreticalGrossMargin,rankExecutableGrossMargin,rankStoreGrossMargin,rankTheoreticalMarkup,rankExecutableMarkup,rankStoreMarkup,rankTheoreticalOperatingReturn,rankExecutableOperatingReturn,rankStoreOperatingReturn,rankTheoreticalNetPerUnit,rankExecutableNetPerUnit,rankStoreNetPerUnit,rankTheoreticalGrossPerUnit,rankExecutableGrossPerUnit,rankStoreGrossPerUnit,rankTheoreticalNetPerTotalLevel,rankExecutableNetPerTotalLevel,rankStoreNetPerTotalLevel,rankTheoreticalRevenuePerHour,rankExecutableRevenuePerHour,rankStoreRevenuePerHour,rankTheoreticalUnitsPerHour,rankExecutableUnitsPerHour,rankStoreUnitsPerHour,rankTheoreticalLowestCost,rankExecutableLowestCost,rankStoreLowestCost,rankTheoreticalLowestLevels,rankExecutableLowestLevels,rankStoreLowestLevels
53-Q0,53,0,Economy E-car,经济电动车,2,Car Dealership,汽车经销店,true,EXECUTABLE_NOW,,1,true,,true,2026-07-26,0.7488189211265329,0.6255905394367336,4051.4143747986127,810.2828749597226,20257.071873993063,3168,ok,1817.5537839188428,4408.311973235778,true,3167,2289.282931998545,3169,2289.2836376221194,1927.8899900954561,1817.5537839187427,410.75294117647064,188.65617352807706,2116.546163623533,2.177256823855487,6897.549617974182,1240.1100099045439,2700.0379813961636,0.39144886676279794,0.64324728914804,1051.4538363764668,2289.2850402196927,0.33189830693701605,0.4967781258200269,4.799508624341756,10.44976290350135,11.44976290350135,11.44976290350135,13,199.9416983140871,1:0.2631898460733436; L:2.4842628974173615; Y:2.2068976242966545; E:2.492897224482656; M:2.3642047939314126; W:0.14483376302204742; Q:0.16163519622417263; D:0.13863572166263027; R:0.020892651744237687; O:0.021637610235988543; T:0.044245319960592666; P:0.10643025445025125,0,2,1,1,1.0823529411764705,1,0,11,2,1,49,32,4,50,34,5,50,34,5,49,32,4,12,4,4,12,4,4,26,15,5,10,2,1,43,33,2,50,39,2,50,41,5
54-Q0,54,0,Luxury E-car,豪华电动车,2,Car Dealership,汽车经销店,true,EXECUTABLE_NOW,,1,true,,true,2026-07-26,0.7132624305703877,0.6433687847148062,8414.25378666837,1682.8507573336742,42071.26893334185,6656,ok,3441.6332101093712,9660.467720583916,true,6655,1266.1881681366865,6657,1266.1878068498963,3650.5605908641382,3441.633210109271,410.75294117647064,736.157677954399,4386.718268818538,0.5579686981162133,3713.839654661516,3005.4394091358618,1676.941114382698,0.45153837276680614,0.8232816123247615,2269.2817311814624,1266.1881732062275,0.3409377600933688,0.5173073792570322,9.239093336062433,5.155124880496938,6.155124880496938,6.155124880496938,12,205.71283244280835,1:0.1874826752337603; L:1.3073143257478717; Y:1.0047379963535992; E:1.120332479194086; M:1.0619967831339412; W:0.08545426611925369; Q:0.08698721066779735; D:0.07105674652705449; F:0.09978153660595211; i:0.014404968895378728; P:0.11557589201824169,0,2,1,1,1.0823529411764705,1,0,17,7,4,43,26,1,35,27,2,35,27,2,43,26,1,8,1,1,8,1,1,21,11,4,18,8,4,59,42,5,54,42,5,37,32,2
55-Q0,55,0,Economy Car,经济型汽车,2,Car Dealership,汽车经销店,true,EXECUTABLE_NOW,,1,true,,true,2026-07-26,0.5815940555327899,0.7092029722336051,2825.624011299435,565.124802259887,14128.120056497175,2227,ok,1219.8990021741834,3159.156767959808,true,2226,1780.441407242847,2228,1780.436921893555,1293.9540474825335,1219.8990021740833,410.75294117647064,174.9052160224077,1468.8592635049413,2.3484316278129045,5229.957235139338,933.0459525174665,2191.194625094836,0.41896989336213136,0.7210812117576851,758.1407364950587,1780.4416839183652,0.34043140390438204,0.5161425300106761,3.1093129157899626,7.30200879220831,8.30200879220831,8.30200879220831,13,214.45914217645304,1:0.3333719668396136; L:1.2569771221288821; Y:1.7591348461732823; E:1.6711652956251162; Q:0.16388229934671208; M:1.4191836339600905; W:0.07867627560420612; R:0.02253522120471024; O:0.023338747947291537; T:0.04772386410260904; P:0.11479774593818656; D:0.41122177333761006,0,2,1,1,1.0823529411764705,1,0,14,4,3,44,27,2,39,29,3,39,29,3,44,27,2,13,5,5,13,5,5,13,4,2,14,4,3,40,31,1,49,38,1,45,39,3
56-Q0,56,0,Luxury Car,豪华汽车,2,Car Dealership,汽车经销店,true,EXECUTABLE_NOW,,1,true,,true,2026-07-26,0.6927268055884537,0.6536365972057732,6064.0532581790785,1212.8106516358157,30320.266290895393,4850,ok,2339.5535060394723,7219.219928848193,true,4849,929.2575255310237,4851,929.2579062163913,2481.5781659354097,2339.553506039372,410.75294117647064,725.9912865616134,3207.569452497023,0.565782191576773,2744.0436291473493,2368.4218340645903,1340.0108958553442,0.48833439877620416,0.9544014637845727,1642.4305475029769,929.2579546788736,0.338645473711954,0.5120483193978483,6.062414878225359,3.430006376049979,4.430006376049979,4.430006376049979,12,209.76447341085944,1:0.3292115562043701; L:0.640159369175732; Y:0.7194571040252248; E:0.6456434346230039; Q:0.08316502803723151; M:0.5319604703836696; W:0.049287132892566886; F:0.10117882356198997; i:0.01460668832989827; P:0.1171943546300902; D:0.19814241418620154,0,2,1,1,1.0823529411764705,1,0,29,16,5,46,29,3,30,22,1,30,22,1,46,29,3,11,3,3,10,2,2,19,9,3,25,15,5,57,41,4,51,40,3,31,27,1
57-Q0,57,0,Truck,卡车,2,Car Dealership,汽车经销店,true,EXECUTABLE_NOW,,1,true,,true,2026-07-26,0.5300533167047209,0.7349733416476396,6643.388837314616,1328.6777674629232,33216.94418657308,5339,ok,3045.215378262868,7447.344537661398,true,5338,2109.196979011401,5340,2109.1963231963546,3230.077864754954,3045.215378262768,410.75294117647064,343.7551995465801,3573.8330643015343,1.1948995730632201,6379.568820584533,2108.922135245046,2519.95015902788,0.39500320944840717,0.652901330415772,1765.1669356984657,2109.1972178514093,0.33061751932917505,0.49391421029998445,7.311493809482001,8.73650083140442,9.73650083140442,9.73650083140442,13,216.62784755775272,1:0.33050088938502814; Y:2.004198669297677; E:1.8131253805551864; M:1.5695594929213779; W:0.09330984934820327; L:1.3479320667914754; Q:0.2164449745292419; R:0.011466089060242697; O:0.01187492947538795; T:0.02428225891943139; P:0.058409951554734975; D:1.2553962795664335,0,2,1,1,1.0823529411764705,1,0,12,3,2,50,33,5,49,33,4,49,33,4,50,33,5,10,2,2,11,3,3,11,3,1,12,3,2,48,38,3,53,41,4,49,40,4
3-Q0,3,0,Apples,苹果,G,Grocery Store,杂货店,true,EXECUTABLE_NOW,,1,true,,true,2026-07-26,1.4870137697478563,0.25649311512607187,5.349605913176521,1.0699211826353041,26.748029565882604,4.79,ok,1.3858094304634345,8.10272032669842,true,4.78,178.16033996052974,4.8,178.15572792179861,1.4699362146066735,1.3858094303634345,149.36470588235292,1.514080649151963,2.9840168637586366,98.65042920006417,472.53555586830737,3.3200637853933266,327.5257174006414,0.6931239635476673,2.2586447985987688,1.8059831362413634,178.16101151828846,0.37703196998775856,0.6052188103141501,0.008053144115219827,0.7944461233764069,1.7944461233764069,1.7944461233764069,4,99.28468132721811,P:0.5868266288710616; W:0.18426877710747164; E:0.023350717397873536,0,2,1,1,1.0823529411764705,1,0,59,41,14,30,18,6,10,7,3,10,7,3,30,18,6,59,41,14,59,41,14,57,41,14,58,40,13,6,5,2,3,3,2,7,7,3
4-Q0,4,0,Oranges,橙子,G,Grocery Store,杂货店,true,EXECUTABLE_NOW,,1,true,,true,2026-07-26,1.4774650135318117,0.26126749323409415,6.117873203588391,1.2235746407176782,30.589366017941956,5.47,ok,1.4303223606902136,9.423029309562034,true,5.46,170.57546239126637,5.48,170.57537101219967,1.517151341538984,1.4303223605902136,149.36470588235292,1.8453837374017896,3.3625350789407733,80.93964569810892,442.73986196865576,3.952848658461016,319.9421699140798,0.7226414366473521,2.6054412307023265,2.1074649210592264,170.57746403172686,0.3852769508334966,0.6267488283640733,0.008474619203357446,0.6859326757461418,1.685932675746142,1.685932675746142,4,101.17691322177768,P:0.5155872605102577; W:0.15118686916258098; E:0.01915854607330307,0,2,1,1,1.0823529411764705,1,0,60,42,15,23,12,4,8,6,2,8,6,2,23,12,4,58,40,13,58,40,13,55,39,12,60,42,15,10,8,5,4,4,3,6,6,2
5-Q0,5,0,Grapes,葡萄,G,Grocery Store,杂货店,true,EXECUTABLE_NOW,,1,true,,true,2026-07-26,1.4792788090405282,0.2603605954797359,7.262101531211571,1.4524203062423142,36.31050765605786,6.27,ok,1.7581615628211524,10.822908652375672,true,6.26,183.9319916657051,6.28,183.92902079426065,1.708265207939327,1.7581615627211524,149.36470588235292,2.0443104804327996,3.7525756883721266,73.06361108647793,458.1088415122166,4.561734792060673,333.2968167267763,0.7275494086221169,2.670390271287837,2.517424311627873,183.93211084442336,0.4015030800044455,0.670852374657881,0.008545625017399168,0.6243742227621291,1.6243742227621292,1.6243742227621292,4,113.23259644668597,P:0.4210016203366946; W:0.1804995279243108; E:0.022873074501123743,30,2,1,1,1.0823529411764705,1,0,58,40,13,17,6,1,6,4,1,6,4,1,17,6,1,57,39,12,56,39,12,54,38,11,59,41,14,12,10,6,5,5,4,5,5,1
7-Q0,7,0,Steak,牛排,G,Grocery Store,杂货店,true,EXECUTABLE_NOW,,1,true,,true,2026-07-26,1.3271854808185741,0.33640725959071294,58.69882186054016,11.739764372108032,293.4941093027008,49.3,ok,26.10706378270822,70.95843630174483,true,49.2,514.6335670130992,49.4,514.6477514492577,27.691916125175975,26.107063782608222,149.36470588235292,4.860527187799618,32.55244331297559,30.730145128551577,1514.9961548375927,21.608083874824022,664.0195534232573,0.43829784735951366,0.7803029511265612,16.747556687024407,514.6548475409044,0.3397070321911644,0.5144792520181959,0.09676074306302515,2.973471677073253,3.973471677073253,3.973471677073253,7,129.5227170009639,e:1.17320571676445; F:0.09991766437479006; W:0.2383981768218267; E:0.030210047206684593; i:0.15867083089849648; P:1.2730692410070052,0,2,1,1,1.0823529411764705,1,0,41,24,7,45,28,10,37,28,9,37,28,9,45,28,10,42,27,8,44,29,9,49,35,10,38,23,7,23,16,8,25,20,9,28,25,9
8-Q0,8,0,Sausages,香肠,G,Grocery Store,杂货店,true,EXECUTABLE_NOW,,1,true,,true,2026-07-26,1.2271618839860097,0.38641905800699516,16.82785018104943,3.3655700362098866,84.13925090524715,13.9,ok,7.046581956394532,20.33849720819797,true,13.8,473.0109349886766,14,473.0484840790533,7.474350931523708,7.046581956294532,149.36470588235292,1.5416802996428993,9.016031231166608,96.88435787688951,1346.6925744887642,6.425649068476292,622.5448839415589,0.4622769114011721,0.8596932532797694,4.883968768833393,473.1801780592059,0.35136465962830166,0.5416982975780402,0.022630220180532692,2.1925143508035365,3.1925143508035365,3.1925143508035365,7,148.21552107983769,e:1.2329400772512953; F:0.07159433360818247; W:0.12040338678178661; E:0.015257633455984776; i:0.08337481812015295; P:0.6689441015861347,0,2,1,1,1.0823529411764705,1,0,44,27,8,38,23,8,34,26,8,34,26,8,38,23,8,53,36,11,53,36,11,43,29,6,40,24,8,7,6,3,11,9,5,21,18,8
9-Q0,9,0,Eggs,鸡蛋,G,Grocery Store,杂货店,true,EXECUTABLE_NOW,,1,true,,true,2026-07-26,1.5647645405881079,0.21761772970594606,2.2153135059724653,0.4430627011944931,11.076567529862327,1.9,ok,0.7292769681471267,3.1110398803421964,true,1.89,232.00782688290272,1.91,231.99561088685928,0.6870597283126207,0.7292769680471267,149.36470588235292,0.4750238257723561,1.1620835540849768,314.4362404127755,597.4288567842734,1.2129402716873792,381.39237887462997,0.638389616677568,1.7654073171575502,0.7379164459150231,232.02767299227705,0.3883770767973806,0.6349943111414718,0.004149473388333721,1.3047448119205158,2.304744811920516,2.304744811920516,5,100.67391053108877,F:0.7916183391145629; W:0.1326238758420859; E:0.016806225631990936; P:0.3636963713318762,23,2,1,1,1.0823529411764705,1,0,54,36,11,20,9,2,14,10,4,14,10,4,20,9,2,60,42,15,60,42,15,56,40,13,55,37,11,2,1,1,1,1,1,16,14,7
119-Q0,119,0,Coffee Powder,咖啡粉,G,Grocery Store,杂货店,true,EXECUTABLE_NOW,,1,true,,true,2026-07-26,1.2557003459680027,0.37214982701599864,46.56773310894174,9.313546621788348,232.8386655447087,38,ok,21.66805569630182,53.55859791944603,true,37.9,1223.581811299144,38.1,1223.672709023085,22.521497126140268,21.668055696201822,149.36470588235292,1.683801571504438,24.205298697644707,88.70683363770648,3370.8596782328464,15.478502873859732,1373.0489793922368,0.4073290229963087,0.6872768176629844,13.794701302355293,1223.684273509884,0.36301845532513927,0.5699041963773653,0.07740907912926837,6.866714304368066,7.866714304368066,7.866714304368066,5,155.55214364787875,i:3.786343302660243; P:2.719031214632967; W:0.32070033135950804; E:0.04063945571534717,0,2,1,1,1.0823529411764705,1,0,18,8,2,36,22,7,44,32,10,44,32,10,36,22,7,44,29,10,49,34,10,39,25,4,20,10,3,8,7,4,21,16,8,43,37,13
123-Q0,123,0,Apple Pie,苹果派,G,Grocery Store,杂货店,true,EXECUTABLE_NOW,,1,true,,true,2026-07-26,1.1975528531582318,0.4012235734208841,354.25787517942535,70.85157503588508,1771.2893758971268,289.5,ok,171.97741515883158,396.7676125657269,true,289.4,781.7189658421785,289.6,781.7205570268304,182.33096724916103,171.9774151587316,149.36470588235292,17.192056890609685,199.5230241397707,8.688006725008922,2515.1779468900827,107.16903275083897,931.0852772519903,0.37018664162638676,0.5877719751488462,89.97697586022929,781.7205713696374,0.31080129830821857,0.45096036534208817,0.46989049365680047,4.082411768908044,5.082411768908044,5.082411768908044,8,153.80898024671265,j:2.1360374000952937; P:0.7918097943046427; W:0.17016808059983082; E:0.024880743121164537; k:0.721071944685531; F:0.039528161404344835; i:0.19891564469723647,0,2,1,1,1.0823529411764705,1,0,31,17,6,56,38,14,56,39,12,56,39,12,56,38,14,25,15,2,25,15,2,40,26,5,26,16,6,36,28,14,37,28,14,33,29,10
124-Q0,124,0,Orange Juice,橙汁,G,Grocery Store,杂货店,true,EXECUTABLE_NOW,,1,true,,true,2026-07-26,1.3148937709803799,0.3425531145098101,63.21238652593045,12.642477305186091,316.06193262965223,53.1,ok,20.090881285693868,84.84300696889063,true,53,275.65527192595925,53.2,275.6513238758141,21.31051596128404,20.09088128559387,149.36470588235292,11.17171469801539,32.48223065929943,13.3698997799225,709.9416783138847,31.789484038715962,425.0222156530784,0.5986720157950276,1.4917275628834903,20.61776934070057,275.6575097707255,0.3882819084877698,0.6347399461864807,0.08171892550414517,1.0925738441133737,2.0925738441133737,2.0925738441133737,6,131.73131765274545,6:0.14333697337985513; P:0.460811843246978; W:0.1498415223819931; E:0.02154022135871811; k:0.31704328374582935,0,2,1,1,1.0823529411764705,1,0,51,34,9,21,10,3,22,16,6,22,16,6,21,10,3,38,24,7,40,26,7,47,33,9,50,33,9,32,25,11,20,15,7,13,11,5
125-Q0,125,0,Apple Cider,苹果酒,G,Grocery Store,杂货店,true,EXECUTABLE_NOW,,1,true,,true,2026-07-26,1.5602142259867662,0.2198928870066169,49.5250790944449,9.90501581888898,247.62539547222448,43.9,ok,17.69129787330276,69.06416246824885,true,43.8,186.411352714927,44,186.41443588268217,18.765263720564246,17.69129787320276,149.36470588235292,11.180564559818201,29.945828280382447,13.359316972163848,586.4740150779929,25.134736279435753,335.78290896872846,0.5725452455452336,1.3394288859309453,13.954171719617552,186.41820308637554,0.31786268154026315,0.46598048946800874,0.09122733089976848,1.2187348300144845,2.2187348300144842,2.2187348300144842,5,84.02004627346955,6:0.3580587911525833; P:0.6357481062263657; W:0.19963055580503217; E:0.02529737683050329,0,2,1,1,1.0823529411764705,1,0,57,39,12,54,36,13,23,17,7,23,17,7,54,36,13,43,28,9,41,27,8,60,42,15,56,38,12,33,26,12,18,14,6,14,12,6
126-Q0,126,0,Ginger Beer,姜汁啤酒,G,Grocery Store,杂货店,true,EXECUTABLE_NOW,,1,true,,true,2026-07-26,1.2912813140332489,0.35435934298337557,91.65059208577532,18.330118417155063,458.2529604288766,76.5,ok,28.81633560589997,122.40727280479494,true,76.4,260.2965258066698,76.6,260.295458810529,30.56565668492853,28.81633560579997,149.36470588235292,16.747852975753858,47.313509660682385,8.918439044013024,682.2605868669963,45.93434331507147,409.66264088223204,0.6004489322231565,1.5028089789976935,29.186490339317615,260.2979349998791,0.3815227495335635,0.6168743462202221,0.10333176711252993,0.9215580663032479,1.9215580663032479,1.9215580663032479,6,135.46191476828395,6:0.1195167952718346; W:0.07899457444675989; E:0.013415122086631495; P:0.2866618818385464; k:0.4229696926594755,0,2,1,1,1.0823529411764705,1,0,52,35,10,28,16,5,21,15,5,21,15,5,28,16,5,35,22,6,33,20,5,46,32,8,52,35,10,35,27,13,26,21,10,10,9,4
122-Q0,122,0,Cheese,奶酪,G,Grocery Store,杂货店,true,EXECUTABLE_NOW,,1,true,,true,2026-07-26,1.1453788055917287,0.42731059720413567,151.88973526034087,30.377947052068176,759.4486763017044,122.6,ok,73.5153317448319,167.23982192228237,true,122.5,1045.0618049202844,122.7,1045.0639178336216,77.97814482476504,73.5153317447319,149.36470588235292,5.579992455913827,83.55813728067886,26.767904627550553,3281.745107337698,44.621855175234955,1194.4335636350625,0.3639629296511824,0.5722354035930273,39.04186271932113,1045.0688577527096,0.3184491249536797,0.46724189875339384,0.2053268070358741,5.496168388215754,6.496168388215754,6.496168388215754,7,160.8746564587975,k:4.760647717153084; F:0.2175865505518725; W:0.09072521034831858; E:0.011496786275792346; i:0.04607078435954597; P:0.3696413395271403,0,2,1,1,1.0823529411764705,1,0,25,13,5,53,35,12,57,40,13,57,40,13,53,35,12,32,19,5,34,21,6,37,24,2,23,13,5,25,18,9,31,25,11,38,33,11
127-Q0,127,0,Frozen Pizza,冷冻披萨,G,Grocery Store,杂货店,true,EXECUTABLE_NOW,,1,true,,true,2026-07-26,1.2898646274617886,0.3550676862691057,540.1194118462261,108.02388236924521,2700.5970592311305,434.3,ok,272.1983540855805,580.1253358332024,true,434.2,1105.6060953388069,434.4,1105.6069740952198,288.54941806213907,272.1983540854805,149.36470588235292,17.34699717121943,305.8964152333585,8.610407000594046,3739.499760357994,145.75058193786094,1254.971831058414,0.33559885318411453,0.5051148011896998,128.40358476664153,1105.6071251760611,0.2956564235934642,0.41976165254727343,0.8212556794144232,7.07134565130757,8.07134565130757,8.07134565130757,9,136.97928114340525,k:3.062706252244141; e:0.10957512755534143; F:0.1547038750902329; W:0.27445454879873304; E:0.03477914548606536; i:0.41650725094186025; P:1.607313654172693; j:1.4113057970185012,0,2,1,1,1.0823529411764705,1,0,22,11,4,59,41,15,60,42,15,60,42,15,59,41,15,24,14,1,24,14,1,45,31,7,17,7,2,37,29,15,39,29,15,44,38,14
140-Q0,140,0,Chocolate,巧克力,G,Grocery Store,杂货店,true,EXECUTABLE_NOW,,1,true,,true,2026-07-26,1.0966194689179,0.45169026554104996,303.40934896736735,60.681869793473474,1517.0467448368368,243.1,ok,140.6298577067403,337.06442104203046,true,243,1146.4620459975058,243.2,1146.462955767382,149.1669173038905,140.6298577066403,149.36470588235292,10.827270256758698,159.9941875606492,13.795232070531824,3353.6209163462863,93.9330826961095,1295.8286748932876,0.38639688480505757,0.6297179320582472,83.10581243935079,1146.4639690109348,0.3418585456164163,0.5194301974741912,0.42343368298450124,5.841365923251197,6.841365923251197,6.841365923251197,7,167.57822661035283,k:4.533077152239467; F:0.05606820933604503; W:0.1405814120347022; E:0.020447962237540168; i:0.011871627061485134; P:1.0793195603419588,0,2,1,1,1.0823529411764705,1,0,20,10,3,42,25,9,55,38,11,55,38,11,42,25,9,26,16,3,26,16,3,36,23,1,21,11,4,31,24,10,36,27,13,39,34,12
152-Q0,152,0,Ramadan Sweets,斋月甜点,G,Grocery Store,杂货店,false,RETAIL_SEASON_INACTIVE,Ramadan,0.03,false,,true,2026-07-26,1.1838279400291092,0.4080860299854454,239.1826377952756,47.83652755905513,1195.913188976378,211.1,ok,130.32691085784995,284.04865729257074,true,211,2387.880864972821,211.2,2387.889155311735,138.2385209757027,130.32691085774997,149.36470588235292,4.289255740438634,142.52777671614132,34.822989096723425,7351.132998318315,72.8614790242973,2537.2544896342474,0.34515148756180625,0.5270707362176111,68.57222328385868,2387.8897837518944,0.3248328909704342,0.481114803470395,0.4038758866153652,14.06416559603637,15.06416559603637,15.06416559603637,7,158.51457344442545,k:9.439994931603074; F:0.28306339935412667; W:0.5119728772038608; E:0.06653952371833899; i:0.8422382041437759; P:2.9203566600131956,0,2,1,1,1.0823529411764705,1,0,10,,1,51,,11,59,,14,59,,14,51,,11,28,,4,28,,4,38,,3,8,,1,19,,7,35,,12,53,,15
11-Q0,11,0,Petrol,汽油,A,Gas Station,加油站,true,EXECUTABLE_NOW,,1,true,,true,2026-07-26,0.8598541239574661,0.570072938021267,50.977275930827204,10.195455186165441,254.88637965413602,41.8,ok,24.00011652284248,58.06452458856135,true,41.7,1364.1423208512178,41.9,1364.0386524207383,25.457064772828964,24.00011652274248,373.4117647058823,3.5121765763246864,28.969241349153652,106.31918885372178,4444.1420940855705,16.342935227171033,1737.5676168417397,0.3909793116548094,0.6419803450637523,12.830758650846345,1364.1558521358575,0.3069559485848409,0.44290972263314743,0.05804630284679396,6.171435834628616,7.171435834628616,7.171435834628616,7,190.22074290182957,6:0.42743787332026406; R:0.9352053841038165; E:1.6357851450486263; O:1.9811281079282386; P:0.6953962609507168; W:0.4964830632769538,0,2,1,1,1.0823529411764705,1,0,16,6,2,58,40,2,51,35,1,51,35,1,58,40,2,45,30,1,47,32,1,31,19,2,16,6,2,4,3,2,24,19,2,40,35,1
12-Q0,12,0,Diesel,柴油,A,Gas Station,加油站,true,EXECUTABLE_NOW,,1,true,,true,2026-07-26,0.851542411697343,0.5742287941513284,50.60652471719473,10.121304943438947,253.03262358597365,41.5,ok,23.860269023469268,57.67190955366439,true,41.4,1391.2832319807926,41.6,1391.2559363604,25.308727707611446,23.86026902336927,373.4117647058823,3.4259900086462376,28.734717716257684,108.99382770045908,4523.243849569052,16.191272292388554,1764.7487424878152,0.3901511395756278,0.6397505429527826,12.765282283742316,1391.336977781933,0.3075971634636703,0.44424596092412305,0.057762554297341076,6.2957618906228054,7.2957618906228054,7.2957618906228054,7,190.70482269579128,6:0.4381907952798369; R:0.9278052152797267; E:1.6769360844136956; O:2.030966733062205; P:0.7128901289294655; W:0.508972933657875,0,2,1,1,1.0823529411764705,1,0,15,5,1,57,39,1,52,36,2,52,36,2,57,39,1,46,31,2,48,33,2,30,18,1,15,5,1,3,2,1,22,17,1,41,36,2
24-Q0,24,0,Smartphones,智能手机,C,Electronics Store,电子产品店,true,EXECUTABLE_NOW,,1,true,,true,2026-07-26,0.784492386711829,0.6077538066440855,876.2915782961975,175.2583156592395,4381.457891480987,704.8,ok,329.3350096638749,1060.3322996624106,true,704.7,587.110297333197,704.9,587.1103700837393,349.3275820151288,329.33500966377494,186.70588235294116,85.76815117466097,435.0957331897898,2.1768672846022694,1534.2560621876794,355.47241798487113,773.8162772897293,0.5043592763689999,1.0175904689068502,269.70426681021013,587.1103949367882,0.3826678019441121,0.6198733893181263,0.8610421120365855,1.874374404357285,2.874374404357285,2.874374404357285,7,204.2567572431703,L:0.8528782207017149; Y:0.36694049290804726; E:0.32794317175709925; M:0.2591585264167558; W:0.015739983738995066; Q:0.0517140088346728,0,2,1,1,1.0823529411764705,1,0,38,22,4,27,15,5,29,21,4,29,21,4,27,15,5,21,12,5,21,12,5,23,13,5,35,21,3,44,34,2,41,31,2,19,16,4
25-Q0,25,0,Tablets,平板电脑,C,Electronics Store,电子产品店,true,EXECUTABLE_NOW,,1,true,,true,2026-07-26,0.8935793179540584,0.5532103410229707,1342.246881579088,268.44937631581763,6711.23440789544,1096.4,ok,405.3539264591962,1762.7980073925592,true,1096.3,370.1876603026746,1096.5,370.1876499730411,429.9612942300248,405.3539264590962,186.70588235294116,223.4323356558539,653.3936298858787,0.8356260601443052,916.1804123422163,666.4387057699753,556.8935500302342,0.6078426721725421,1.549996975805542,443.0063701141214,370.18766767729306,0.4040554269556013,0.6780084008341136,1.061880412016408,0.8873349450376825,1.8873349450376824,1.8873349450376824,7,196.14306864323012,L:0.3528681500997993; Y:0.18959061067273925; E:0.17236794438109784; M:0.13814563357628187; W:0.008307818510999904; Q:0.0260547877967644,0,2,1,1,1.0823529411764705,1,0,46,29,6,16,5,1,19,14,1,19,14,1,16,5,1,16,8,2,15,7,1,28,17,6,48,31,6,56,40,6,42,32,3,8,8,1
26-Q0,26,0,Laptops,笔记本电脑,C,Electronics Store,电子产品店,true,EXECUTABLE_NOW,,1,true,,true,2026-07-26,0.7001443083451487,0.6499278458274256,1657.7687246633643,331.5537449326729,8288.843623316821,1322.2,ok,638.1754481233037,1967.554371258213,true,1322.1,686.5610486442422,1322.3,686.5610781506655,676.9164517975059,638.1754481232036,186.70588235294116,137.9626607055228,814.8791125030288,1.3533073470615307,1789.3429742847559,645.2835482024941,873.2669667203686,0.4880377765863667,0.953269116874006,507.3208874969713,686.5610843674274,0.3836945148214878,0.6225719615498005,1.653859229420921,2.238179846180854,3.238179846180854,3.238179846180854,9,212.02067734970475,L:1.005873631015793; R:0.019479221832227524; E:0.3844993983034217; O:0.020173782383672064; Y:0.4439843450802747; Q:0.07032678338083677; M:0.2750877581223207; W:0.018754926062307272,0,2,1,1,1.0823529411764705,1,0,34,20,2,26,14,4,31,23,5,31,23,5,26,14,4,15,7,1,16,8,2,17,8,4,32,19,2,47,37,4,46,36,6,22,19,5
27-Q0,27,0,Monitors,显示器,C,Electronics Store,电子产品店,true,EXECUTABLE_NOW,,1,true,,true,2026-07-26,0.6287695623064367,0.6856152188467817,836.2585274611976,167.25170549223952,4181.292637305988,660.6,ok,294.1621171807931,999.7075168249364,true,660.5,594.2423524894655,660.7,594.2422424416995,321.41189326020907,294.1621171806931,186.70588235294116,81.0916919755128,402.50358523572186,2.3024045719667634,1520.968460241244,339.18810673979095,780.9482477144453,0.5134545969418574,1.055306645000814,258.09641476427817,594.2423653615042,0.39069999207429335,0.6412276169245221,0.7821295088930633,1.8007785571455084,2.8007785571455086,2.8007785571455086,9,212.17042091579808,L:0.49527650911468346; R:0.03314032802840928; E:0.4066275751485255; O:0.0343219955872428; Y:0.45532443563972375; Q:0.07178888429417182; M:0.2848765249768724; W:0.019422304355879487,-30,2,1,1,1.0823529411764705,1,0,36,21,3,19,8,3,28,20,3,28,20,3,19,8,3,22,13,6,22,13,6,16,7,3,37,22,4,41,32,1,40,30,1,18,15,3
28-Q0,28,0,Televisions,电视,C,Electronics Store,电子产品店,true,EXECUTABLE_NOW,,1,true,,true,2026-07-26,0.6699393434286603,0.6650303282856698,1253.2218351684107,250.64436703368216,6266.109175842053,1001.7,ok,500.8252761110699,1472.1323343089025,true,1001.6,778.6314278886548,1001.8,778.6313931576458,531.2283164019418,500.8252761109699,186.70588235294116,90.9939225260129,622.2222389279547,2.0518500265725614,2055.338171617735,470.47168359805823,965.3373364923135,0.46967323909160247,0.8856299053947391,379.4777610720454,778.6314541393724,0.37883374370774214,0.6098749567772745,1.2891510022891135,2.6451445183029616,3.6451445183029616,3.6451445183029616,9,213.60784194692866,L:0.7889215901885219; R:0.049223164174855664; E:0.5721579516574249; O:0.050978289115040376; Y:0.6674131637624947; Q:0.10967417724191401; M:0.3808131154233127; W:0.025963066739397734,0,2,1,1,1.0823529411764705,1,0,33,19,1,29,17,6,32,24,6,32,24,6,29,17,6,18,10,4,18,10,4,15,6,2,30,18,1,45,35,3,45,35,5,25,22,6
98-Q0,98,0,Quadcopter,四旋翼飞行器,C,Electronics Store,电子产品店,true,EXECUTABLE_NOW,,1,true,,true,2026-07-26,0.7289174391927397,0.6355412804036302,1341.378637774575,268.275727554915,6706.893188872875,1078.9,ok,456.95900444594866,1673.0710160159947,true,1078.8,479.2865195978812,1079,479.2865081435038,484.69910400985566,456.9590044458487,186.70588235294116,166.5796787884133,651.2787827982689,1.1208202807864207,1209.2530009404693,594.2008959901444,665.9924150872165,0.5507469607842659,1.2259170505461925,427.62121720173116,479.28653273427534,0.3963492605447504,0.6565870538027111,1.1067857546366107,1.2405079202822165,2.2405079202822167,2.2405079202822167,10,213.9186960222412,8:0.0882439929599777; R:0.010755234539985377; E:0.19118715225889887; O:0.011138728382673106; L:0.5219001869347253; Y:0.24704278402895619; Q:0.04326787822944693; M:0.11886779733364544; W:0.00810416561390761,0,2,1,1,1.0823529411764705,1,0,43,26,5,18,7,2,25,19,2,25,19,2,18,7,2,17,9,3,17,9,3,14,5,1,45,29,5,49,39,5,44,34,4,15,13,2
60-Q0,60,0,Underwear,内衣,H,Fashion Store,时装店,true,EXECUTABLE_NOW,,1,true,,true,2026-07-26,1.346324857205868,0.32683757139706604,29.51191617491406,5.902383234982812,147.5595808745703,26.8,ok,5.902383234982812,50.17631501281069,true,26.7,194.17644207696247,26.9,194.15750164610967,3.3266130864714816,3.136225735914774,336.0705882352941,14.877428122424988,18.20404120889647,22.589293355666058,605.3930619318504,23.47338691352852,530.2472230407484,0.8758726460271835,7.056241980466264,8.59595879110353,194.17663480545428,0.32074473101132583,0.4722005785672807,0.02162796136412238,0.48856036393917185,1.4885603639391718,1.4885603639391718,5,130.44592581492992,T:0.2253519911666757; E:0.01241865884720327; P:0.2208452593514052; W:0.02994445457388776,0,2,1,1,1.0823529411764705,1,0,56,38,8,52,34,7,1,1,1,1,1,1,52,34,7,49,34,8,42,28,6,48,34,7,54,36,8,27,20,4,7,6,1,2,2,1
61-Q0,61,0,Gloves,手套,H,Fashion Store,时装店,true,EXECUTABLE_NOW,,1,true,,true,2026-07-26,1.2484380456495483,0.37578097717522585,53.26947853247969,10.653895706495938,266.3473926623984,45.9,ok,10.653895706495938,81.7896652840586,true,45.8,311.7523840825558,46,311.7477227690454,9.964853874227487,9.394549459952708,336.0705882352941,18.641968598388697,28.606822472616184,18.02763406995236,827.4684038108132,35.93514612577251,647.8256646056931,0.7829007870538675,3.606188969686055,17.293177527383815,311.75507637039897,0.3767576803351594,0.6045123516929456,0.06025208235595257,1.086202492665746,2.086202492665746,2.086202492665746,7,149.4366330528341,T:0.16003718554636248; E:0.01381668470771135; P:0.46154277139659616; W:0.08187609852995557; F:0.32238816172713025; i:0.046541590757990164,0,2,1,1,1.0823529411764705,1,0,49,32,7,31,19,3,4,3,2,4,3,2,31,19,3,41,26,5,38,24,4,41,27,4,49,32,7,29,22,5,14,11,3,12,10,3
62-Q0,62,0,Dress,连衣裙,H,Fashion Store,时装店,true,EXECUTABLE_NOW,,1,true,,true,2026-07-26,1.252332384586355,0.3738338077068225,39.36767466900592,7.873534933801185,196.8383733450296,32.8,ok,11.127709656218052,53.78300534315685,true,32.7,509.0286498319112,32.9,509.02302658417346,11.80322708936004,11.127709656118052,336.0705882352941,8.349624309940262,20.152851399300303,40.24978559037688,1320.1929673643615,20.996772910639955,845.1156077430917,0.6401455155682914,1.7789010371212284,12.647148600699694,509.0450195077976,0.3855837988018199,0.6275612492800297,0.06044393999851877,2.4328556251779854,3.4328556251779854,3.4328556251779854,7,148.28617194799878,T:0.7525044599685249; R:0.09655782725150343; E:0.1432151765878501; O:0.10000073982366453; P:1.180511607546451; W:0.1600658139999915,0,2,1,1,1.0823529411764705,1,0,42,25,4,22,11,1,13,9,4,13,9,4,22,11,1,47,32,6,45,30,7,42,28,5,42,26,4,18,13,1,15,12,4,23,20,4
63-Q0,63,0,Stiletto Heels,高跟鞋,H,Fashion Store,时装店,true,EXECUTABLE_NOW,,1,true,,true,2026-07-26,1.3109561553340587,0.34452192233297063,61.26112122968632,12.252224245937263,306.3056061484316,50.2,ok,17.286602160166414,82.038427969844,true,50.1,518.5391138288455,50.3,518.5346558475719,18.33600059707751,17.286602160066415,336.0705882352941,12.530252552309245,30.866253149386758,26.820735402763965,1346.4009172187511,31.86399940292249,854.6158968596131,0.6347410239625995,1.737783505962644,19.333746850613245,518.545308624319,0.3851343994146065,0.626371680328079,0.10381902046960392,2.7845024777893825,3.7845024777893825,3.7845024777893825,9,137.018091986351,T:0.2683273756159428; R:0.02573680229886776; E:0.04684587328372101; O:0.026654486164839557; F:0.9592703678269954; W:0.2080697762503839; i:0.13848513743956614; P:1.1111126589090665,0,2,1,1,1.0823529411764705,1,0,39,23,3,24,13,2,15,11,5,15,11,5,24,13,2,39,25,4,39,25,5,44,30,6,41,25,3,24,17,3,17,13,5,27,24,6
64-Q0,64,0,Handbags,手提包,H,Fashion Store,时装店,true,EXECUTABLE_NOW,,1,true,,true,2026-07-26,1.3867905956651152,0.3066047021674424,83.63575674802426,16.727151349604853,418.17878374012133,69.3,ok,23.871202999295367,113.29464454765709,true,69.2,450.74736354479666,69.4,450.74850872131293,25.32032544008769,23.87120299919537,336.0705882352941,18.784761993409276,44.10508743349696,17.89059602422464,1239.8183044787675,43.97967455991231,786.8225908282607,0.6346273385268731,1.7369316466321059,25.194912566503035,450.75200259296656,0.3635629518975907,0.571247310290286,0.15109731486765382,2.7032210206422658,3.7032210206422658,3.7032210206422658,7,121.71890364642364,T:0.25853536201603083; F:0.9598125314845146; W:0.20818737382734925; E:0.026381705074281794; i:0.13856340693599223; P:1.1117406413040973,0,2,1,1,1.0823529411764705,1,0,45,28,5,35,21,5,16,12,6,16,12,6,35,21,5,36,23,3,35,22,3,52,36,8,44,28,5,30,23,6,23,18,6,26,23,5
65-Q0,65,0,Sneakers,运动鞋,H,Fashion Store,时装店,true,EXECUTABLE_NOW,,1,true,,true,2026-07-26,0.8423001093477346,0.5788499453261327,33.941536548340736,6.788307309668148,169.70768274170368,28.7,ok,7.3977210047962965,49.533021615001076,true,28.6,338.09611774862736,28.8,338.0895749758102,7.846806185687273,7.3977210046962965,336.0705882352941,10.395081433827919,18.24188761951519,32.329769648715335,927.8643889181301,20.853193814312725,674.178952456746,0.7265921189656003,2.657539044656074,10.45811238048481,338.10836422145184,0.3643941595987738,0.5733020945319666,0.019239408810780477,0.622005655029997,1.622005655029997,1.622005655029997,5,208.45079249443117,T:0.1828152530363875; R:0.15511597227329846; E:0.12342756734432123; O:0.1606468623759899,0,2,1,1,1.0823529411764705,1,0,48,31,6,34,20,4,7,5,3,7,5,3,34,20,4,48,33,7,46,31,8,20,10,1,47,30,6,22,15,2,12,10,2,4,4,2
70-Q0,70,0,Luxury Watch,豪华手表,H,Fashion Store,时装店,true,EXECUTABLE_NOW,,1,true,,true,2026-07-26,0.7788658815841173,0.6105670592079413,1085.160610778443,217.03212215568863,5425.803053892215,884.3,ok,445.23906201984516,1296.3535113793773,true,884.2,1006.5666174442981,884.4,1006.5666496587583,472.2676921376497,445.2390620197452,336.0705882352941,103.13428651634204,575.4019786539917,3.2585728721945673,2881.555990881656,412.03230786235025,1342.6373008679748,0.46594177073657156,0.87245499686279,308.89802134600825,1006.5667126326807,0.34931360550266677,0.5368386498576134,1.2296386387952154,4.006867110980343,5.006867110980343,5.006867110980343,8,201.03723352777288,T:0.1695216155850696; L:0.15454246639560568; Y:0.18773270651622037; E:2.1140100826264683; Q:0.03144829207965601; M:1.2671472999128797; W:0.08246464786444434,0,2,1,1,1.0823529411764705,1,0,27,14,2,39,24,6,33,25,7,33,25,7,39,24,6,19,11,2,20,11,2,25,14,2,24,14,2,39,30,7,43,33,7,32,28,7
71-Q0,71,0,Necklace,项链,H,Fashion Store,时装店,true,EXECUTABLE_NOW,,1,true,,true,2026-07-26,1.008937843509639,0.4955310782451805,2108.207222997222,421.6414445994444,10541.03611498611,1712.3,ok,939.3094443647375,2428.2347144601245,true,1712.2,1048.690506280104,1712.4,1048.6904873444062,996.3310529872434,939.3094443646374,336.0705882352941,173.76001036191215,1170.0910633491555,1.9341077819650045,3311.7727550586774,715.9689470127565,1384.7611120626625,0.4181328896879966,0.7186054724141209,542.2089366508444,1048.6905238273685,0.3166553388137852,0.46339037501822977,2.5586182129770383,4.9486433967962835,5.9486433967962835,5.9486433967962835,6,176.2907025813909,T:0.04573573222695503; Y:0.015822804079659084; E:2.9757420205812184; M:1.7948037148818383; W:0.11653912502661336,0,2,1,1,1.0823529411764705,1,0,23,12,1,55,37,8,42,31,8,42,31,8,55,37,8,14,6,1,14,6,1,35,22,3,22,12,1,46,36,8,47,37,8,36,31,8
91-Q0,91,0,Suborbital Rocket,亚轨道火箭,B,Sales Office,销售办公室,false,MODEL_CEILING_NOT_DIRECTLY_EXECUTABLE,,1,true,,true,2026-07-26,1.2766064234258503,0.36169678828707486,,,,116631,ok,63971.32521944516,165407.30503828308,true,116630,42009.64875528343,116632,42009.648757594354,67854.76096217845,63971.32521944506,634.8,726.0770728926228,68580.83803507108,0.8742873500619106,101969.00792507069,48776.23903782155,42644.44877436332,0.4182099016369709,0.7188329653833565,48050.16196492892,42009.64877436332,0.4119844806691954,0.7006353865252695,143.55313130254572,125.50668675959221,126.50668675959221,126.50668675959221,13,332.0745317929053,7:2.7403106535265147; 8:1.3881534768858632; 9:1.3544803051048449; D:9.352526846275696; Y:9.819084385065025; E:28.39379494046757; M:15.547926768290429; W:0.981848730302272; R:15.540622321541452; O:15.335521087339432; L:24.686351093611208; Q:0.36606615118191016,0,2,1,1,1.0823529411764705,1,0,3,,3,12,,2,41,,3,41,,3,12,,2,3,,3,3,,3,4,,4,3,,3,52,,3,58,,4,58,,4
94-Q0,94,0,BFR,BFR 火箭,B,Sales Office,销售办公室,false,MODEL_CEILING_NOT_DIRECTLY_EXECUTABLE,,1,true,,true,2026-07-26,1.2820352448090369,0.35898237759548157,,,,834399,ok,468066.8359275616,1172316.6741113318,true,834398,294168.5903223497,834400,294168.5903219304,496481.24620269384,468066.8359275615,634.8,727.6381383343319,497208.88434102817,0.8724116652999364,727939.4211146017,337917.75379730616,294803.39032472175,0.40498341176979613,0.6806254141155366,337190.11565897183,294168.59032472176,0.4041113611820865,0.6781659103011888,1022.4794365228331,892.0229879518255,893.0229879518255,893.0229879518255,16,329.40763484645123,1:0.05362288509733422; 7:18.6536542345923; 8:2.014800509655422; 9:4.054723261781634; Y:51.56503394103643; R:104.95997958562667; E:203.4613115349572; O:117.17125449989668; M:97.82683390669219; W:5.79003614635775; D:125.59938517384572; L:158.35266666104508; Q:2.3989363019713736; T:0.035457583915338056; P:0.08529172535449366,0,2,1,1,1.0823529411764705,1,0,1,,1,15,,5,46,,6,46,,6,15,,5,1,,1,1,,1,5,,5,1,,1,55,,6,60,,6,60,,6
95-Q0,95,0,Jumbo Jet,大型客机,B,Sales Office,销售办公室,false,MODEL_CEILING_NOT_DIRECTLY_EXECUTABLE,,1,true,,true,2026-07-26,1.2744992865627005,0.36275035671864975,,,,231715,ok,129421.73354727191,326150.9168878723,true,231714,81787.76017798355,231716,81787.76016521914,137278.39407790618,129421.73354727181,634.8,727.329475180247,138005.72355308643,0.8727818982486357,202236.65755268262,94436.60592209382,82422.5601808434,0.40755499610337625,0.6879203865722713,93709.27644691357,81787.7601808434,0.4044160992897032,0.6790245653171522,280.46040280243204,244.78076274148364,245.78076274148364,245.78076274148364,16,332.7671346958474,0:13.521480000209149; 1:3.8088405471284; 7:11.410285849088025; 8:0.7558708305462691; R:54.231518468516484; E:37.58591776216136; O:34.1918014827693; L:19.159011664050333; Y:38.23313126690566; Q:2.068211208291755; M:15.338111491327782; W:1.8243203845821858; T:2.518556826526689; P:6.0582824157084545; D:4.0754225436717775,0,2,1,1,1.0823529411764705,1,0,2,,2,14,,4,43,,4,43,,4,14,,4,2,,2,2,,2,3,,3,2,,2,53,,4,59,,5,59,,5
96-Q0,96,0,Private Jet,私人飞机,B,Sales Office,销售办公室,false,MODEL_CEILING_NOT_DIRECTLY_EXECUTABLE,,1,true,,true,2026-07-26,1.2478130724230838,0.3760934637884581,,,,83136,ok,45536.19133011431,117971.9164221156,true,83135,29825.4688609706,83137,29825.468882099678,48300.506003801136,45536.191330114205,634.8,725.9808396251358,49026.486843426275,0.8744032422781053,72694.38795003256,34835.493996198864,30460.268896635756,0.4190181629642858,0.7212242040167735,34109.513156573725,29825.468896635757,0.41028571445070405,0.6957364345829586,97.71091424487061,85.43874022167276,86.43874022167276,86.43874022167276,16,345.04747316016096,0:5.079974437044264; 1:0.026872648804675922; 7:3.8425151051057025; 8:0.37863749597658153; Y:8.832932378983394; E:20.71582805295775; M:9.703908132174451; W:0.6306624744582591; R:17.3490696489187; O:10.78408181143532; L:5.865017539718887; Q:0.12723134113917844; T:0.017769263967980238; P:0.042743216394190715; D:2.041496674593443,0,2,1,1,1.0823529411764705,1,0,4,,4,13,,3,38,,2,38,,2,13,,3,4,,4,4,,4,2,,2,4,,4,51,,2,57,,3,57,,3
97-Q0,97,0,Single-engine Plane,单引擎飞机,B,Sales Office,销售办公室,false,MODEL_CEILING_NOT_DIRECTLY_EXECUTABLE,,1,true,,true,2026-07-26,1.3037905445867122,0.3481047277066439,,,,34276,ok,19211.02508482627,48174.95285062414,true,34275,11491.765380682375,34277,11491.765405621078,20377.247313505024,19211.02508482617,634.8,727.5702454626692,21104.817558967694,0.8724930739798524,29905.57260373342,13898.752686494976,12126.565455925735,0.40549517698958387,0.6820721401994064,13171.182441032306,11491.765455925735,0.38426836389988067,0.6240841648704853,40.36304185376955,35.21647446217284,36.21647446217284,36.21647446217284,16,317.3076790765093,0:0.5793002323365309; 1:0.026813944445685852; 7:2.2813019828748913; 8:0.37781034746388853; D:0.15277777085676414; Y:5.551709707877215; E:5.1246537972147035; M:1.417973554423055; W:0.09547043756963765; L:2.2315226815341584; Q:0.10493087082254438; R:10.61331278716905; O:6.598516059117597; T:0.017730446311464587; P:0.04264984215565424,0,2,1,1,1.0823529411764705,1,0,6,,6,25,,6,45,,5,45,,5,25,,6,6,,6,6,,6,6,,6,6,,6,54,,5,55,,1,55,,1
99-Q0,99,0,Satellite,卫星,B,Sales Office,销售办公室,false,MODEL_CEILING_NOT_DIRECTLY_EXECUTABLE,,1,true,,true,2026-07-26,1.1955824962432466,0.4022087518783767,,,,56834,ok,29489.08364542434,82387.75721724382,true,56833,21865.254886282724,56835,21865.254817381614,31279.24448789938,29489.08364542424,634.8,720.9830767554222,32000.227564654804,0.8804644941969172,50040.31906318759,25554.75551210062,22500.05488628755,0.4496385176496572,0.8169876200809989,24833.772435345196,21865.254886287552,0.43695274721725014,0.7760498698070144,66.07893948035313,58.18016002663782,59.18016002663782,59.18016002663782,9,369.46934372001857,8:9.78572884721732; L:19.28047709133725; Y:3.254190015861618; E:13.927031641854223; Q:0.4157145616788048; M:9.202404108141952; W:0.6046883208723349; D:1.7099254396743293,0,2,1,1,1.0823529411764705,1,0,5,,5,10,,1,36,,1,36,,1,10,,1,5,,5,5,,5,1,,1,5,,5,50,,1,56,,2,56,,2
102-Q0,102,0,Bricks,砖,d,Hardware Store,五金店,true,EXECUTABLE_NOW,,1,true,,true,2026-07-26,1.0319674503443668,0.4840162748278166,7.737552177644407,1.5475104355288813,38.68776088822203,6.6,ok,1.5475104355288813,11.865087787955945,true,6.59,229.30331698101526,6.61,229.3008578327346,1.3272183878893475,1.2512595715460795,186.70588235294116,2.3664349462825203,3.693653334171868,78.89753430418239,520.7237264076037,5.272781612110652,416.00946811996226,0.7989063048652503,3.9728063295565588,2.906346665828132,229.3035857670211,0.44035555542850474,0.7868487924787197,0.003347032801903379,0.26407263530539554,1.2640726353053955,1.2640726353053955,4,181.40064056653054,o:0.21047783070828838; Q:0.03853417961517611; E:0.015060624981931045,0,2,1,1,1.0823529411764705,1,0,55,37,5,8,3,1,2,2,1,2,2,1,8,3,1,56,38,5,55,38,5,33,21,4,57,39,5,11,9,2,2,2,1,1,1,1
103-Q0,103,0,Cement,水泥,d,Hardware Store,五金店,true,EXECUTABLE_NOW,,1,true,,true,2026-07-26,0.9579789076270234,0.5210105461864882,13.941277173717484,2.788255434743497,69.70638586858742,11.5,ok,3.3592180215001557,19.527845946483446,true,11.4,300.8776232323372,11.6,301.01614592769994,3.5631423154051536,3.3592180214001557,186.70588235294116,3.0382796101304748,6.601421925535629,61.45118498324232,706.6886273072867,7.936857684594846,487.72930976170625,0.6901615377908562,2.2274882623352,4.898578074464371,301.0234274087651,0.4259633108229889,0.7420489297185635,0.009551064731583379,0.5869242456074518,1.586924245607452,1.586924245607452,4,189.68985333861204,o:0.20176685307550002; Q:0.244393563615363; E:0.14076382891658876,0,2,1,1,1.0823529411764705,1,0,50,33,4,11,4,2,11,8,2,11,8,2,11,4,2,52,35,3,52,35,3,32,20,3,51,34,4,15,11,3,8,7,2,3,3,2
108-Q0,108,0,Planks,木板,d,Hardware Store,五金店,true,EXECUTABLE_NOW,,1,true,,true,2026-07-26,1.0552209201073768,0.4723895399463116,14.015531656670762,2.8031063313341527,70.07765828335381,12.6,ok,5.428119994557215,17.850908409752545,true,12.5,339.1744921987533,12.7,339.0675224449781,7.32119165782842,5.428119994457215,186.70588235294116,1.8736756033194932,9.194867261147913,99.64685563614326,1255.550381015405,5.27880834217158,526.0166528032402,0.4189530430294905,0.7210313004887727,3.405132738852087,339.310770450299,0.27024863006762595,0.3703297331153621,0.01982344473162612,1.9753439353834126,2.9753439353834126,2.9753439353834126,5,114.0408563914727,x:1.1462696247688322; P:0.6903907713473526; W:0.12308596669399056; E:0.015597572573237142,-26,2,1,1,1.0823529411764705,1,0,47,30,3,60,42,5,40,30,3,40,30,3,60,42,5,55,37,4,54,37,4,53,37,5,43,27,3,5,4,1,10,8,3,20,17,3
109-Q0,109,0,Windows,窗户,d,Hardware Store,五金店,true,EXECUTABLE_NOW,,1,true,,true,2026-07-26,0.7009573529419907,0.6495213235290047,128.77808530960252,25.755617061920503,643.8904265480126,103.2,ok,59.345257310656756,143.41358587896485,true,103.1,1154.7178804469647,103.3,1154.7114174170454,62.94786351905643,59.345257310556754,186.70588235294116,5.602466978031407,68.55033049708784,33.325655123905044,3439.2076087870005,40.25213648094357,1341.4288183642823,0.3900400821796858,0.6394519882117666,34.64966950291216,1154.722936011341,0.33575261146232716,0.5054632012953483,0.13857913038842906,4.618240306695456,5.618240306695456,5.618240306695456,7,205.53106897816687,x:1.954261968868281; Y:1.011778464472704; E:0.8549830952478321; M:0.727655896581356; W:0.020080280557750425; Q:0.049480600967532214,0,2,1,1,1.0823529411764705,1,0,19,9,2,47,30,3,53,37,4,53,37,4,47,30,3,34,21,2,37,23,2,22,12,1,19,9,2,20,14,5,29,24,4,34,30,4
110-Q0,110,0,Tools,工具,d,Hardware Store,五金店,true,EXECUTABLE_NOW,,1,true,,true,2026-07-26,0.7289871043056496,0.6355064478471752,215.38793044683942,43.077586089367884,1076.9396522341972,168.5,ok,101.15883912307763,229.0006958107175,true,168.4,2436.923586345947,168.6,2436.9353320903638,108.08155213453222,101.15883912297762,186.70588235294116,4.299549019047457,112.38110115357968,43.42452697383246,7317.032795090769,60.41844786546778,2623.642519051096,0.35856645617488303,0.559007959011018,56.11889884642032,2436.936636698155,0.33304984478587735,0.4993624218873635,0.2597326856066188,11.278769012110562,12.278769012110562,12.278769012110562,9,198.46750389184794,x:1.8867818600644592; L:2.7147560820263594; Y:1.944102845775199; E:2.1597612129053214; Q:0.19342500695700637; M:2.064015606231449; W:0.16549569724471705; P:0.15043070090605046,0,2,1,1,1.0823529411764705,1,0,9,1,1,48,31,4,58,41,5,58,41,5,48,31,4,29,17,1,29,17,1,27,16,2,9,1,1,17,12,4,33,26,5,52,42,5
146-Q0,146,0,Pumpkin,南瓜,t,Halloween Market,万圣节市场,false,PRODUCTION_SEASON_INACTIVE,,1,true,AutumnHarvest,false,2026-07-26,0.19075442577672738,0.9046227871116364,17.883873185213858,3.5767746370427718,89.41936592606929,14.7,ok,3.5767746370427718,26.250430289679834,true,14.6,588.1752001357756,14.8,588.2004009160527,3.170840841344006,2.989368583787052,224.0470588235294,3.1799672320368755,6.350808073380882,70.45577594836402,1035.699906440951,11.529159158655993,812.2958545552957,0.7842965414051697,3.635994278971503,8.349191926619117,588.2487957317663,0.5679722399060625,1.3146660755840458,0.014898053874806203,1.0496539458700023,2.049653945870002,1.0496539458700023,3,286.99907948708704,P:0.6574265621574009; W:0.3481140367718377; E:0.04411334694076363,0,2,1,1,1.0823529411764705,1,0,37,,2,2,,1,3,,1,3,,1,2,,1,50,,3,50,,3,7,,1,46,,2,14,,1,6,,1,11,,2
147-Q0,147,0,Jack O'Lantern,南瓜灯,t,Halloween Market,万圣节市场,false,RETAIL_SEASON_INACTIVE,Halloween,0.03,false,,false,2026-07-26,0.21578181697322396,0.892109091513388,54.55783664459162,10.911567328918323,272.78918322295806,43.6,ok,19.2298192393981,66.78837930710067,true,43.5,1048.6202807893783,43.7,1048.6131791341636,20.397182383707253,19.229819239298102,224.0470588235294,4.084681650430001,24.481864034137253,54.85055580768297,2391.484233214978,23.202817616292748,1272.687442557955,0.5321747159700171,1.1375501370633703,19.11813596586275,1048.6403837344255,0.43848935701520053,0.7809101439009961,0.05688210517062302,3.1200150841197503,4.12001508411975,3.1200150841197503,7,254.52343312438862,L:0.8391502730279656; Y:0.6491607984715505; E:0.467814588317885; Q:0.12215986998649396; M:0.2423806944176468; W:0.28753543010225163; P:0.5118134297959569,0,2,1,1,1.0823529411764705,1,0,24,,1,9,,2,26,,3,26,,3,9,,2,40,,2,43,,2,8,,2,27,,1,16,,2,19,,3,29,,3
148-Q0,148,0,Witch Costume,女巫服,t,Halloween Market,万圣节市场,false,RETAIL_SEASON_INACTIVE,Halloween,0.03,false,,true,2026-07-26,1.3519080307315685,0.32404598463421574,76.22075231649578,15.244150463299157,381.1037615824789,61.2,ok,16.961118720920787,104.32567357170946,true,61.1,241.32645641277387,61.3,241.3222522625949,17.990758398461203,16.96111872082079,224.0470588235294,20.802419894333614,38.79317829279482,10.770240191361474,659.1386997113223,43.2092416015388,465.37391053514136,0.7060333595022679,2.4017465325549923,22.406821707205182,241.32685171161197,0.36612453769943104,0.5775969563021567,0.08457824612970545,0.9109280257810166,1.9109280257810166,0.9109280257810166,6,126.28777664871973,T:0.2626420832478801; R:0.05167485871543709; E:0.0648024105368314; O:0.053517402461503584; P:0.4211829827322227; W:0.0571082880871418,0,2,1,1,1.0823529411764705,1,0,53,,3,32,,3,9,,2,9,,2,32,,3,37,,1,36,,1,50,,3,53,,3,34,,3,16,,2,9,,1
153-Q0,153,0,Chocolate Ice Cream,巧克力冰淇淋,z,Beach Market,海滩市场,true,EXECUTABLE_NOW,Summer,1,true,,true,2026-07-26,0.2815781006562636,0.8592109496718682,113.02481285899266,22.604962571798534,565.1240642949633,85.7,ok,35.03287146044512,134.3124175546894,true,85.6,959.9475031884376,85.8,959.9548853008182,37.15957283370254,35.03287146034512,261.3882352941176,10.388465746236122,47.54803857993866,25.161389725794876,2156.331099500621,48.54042716629746,1221.3446053877715,0.5663993835040544,1.3062697836578157,38.15196142006134,959.956370093654,0.44518041330293284,0.8023877021955288,0.1262209175809939,3.175893698802822,4.175893698802822,3.175893698802822,6,229.88046136539867,k:1.5822075659389472; F:0.41544704468690424; W:0.2100854144176594; E:0.02932392407388915; i:0.08796486345335056; P:0.8508648862320716,0,2,1,0.8506218149304952,1.0823529411764705,1,0,28,15,1,6,2,2,24,18,2,24,18,2,6,2,2,33,20,2,31,19,2,9,1,1,28,17,1,26,19,1,28,23,2,30,26,2
154-Q0,154,0,Apple Ice Cream,苹果冰淇淋,z,Beach Market,海滩市场,true,EXECUTABLE_NOW,Summer,1,true,,true,2026-07-26,0.43412599089542714,0.7829370045522864,116.62937942533135,23.32587588506627,583.1468971266568,87.2,ok,31.786743075233826,140.69601226608444,true,87.1,781.1465609210516,87.3,781.147414293177,33.716385360636075,31.786743075133828,261.3882352941176,13.409560156806814,47.12594551744289,19.492677778952693,1699.761502324675,53.48361463936393,1042.5388666187982,0.6133442045798616,1.5862796105600965,40.074054482557116,781.1506313246807,0.4595648449834532,0.8503607522892962,0.13196888885534186,2.5724270273036,3.5724270273036,2.5724270273036,6,218.66104621716468,k:0.8254178995042475; P:1.027664961879475; W:0.2959805176111647; E:0.03936740019028236; F:0.3168977608038918; i:0.06709848731453884,0,2,1,0.8506218149304952,1.0823529411764705,1,0,32,18,2,4,1,1,18,13,1,18,13,1,4,1,1,31,18,1,30,18,1,10,2,2,33,20,2,28,21,2,27,22,1,24,21,1
151-Q0,151,0,Easter Bunny,复活节兔子,I,Easter Market,复活节市场,false,RETAIL_SEASON_INACTIVE,Easter,0.03,false,,true,2026-07-26,0.744902504552937,0.6275487477235315,265.55566988660223,53.11113397732045,1327.778349433011,206.1,ok,115.70671384600469,289.5660724349753,true,206,2473.699637584935,206.2,2473.7072028556595,122.73079200407959,115.70671384590469,261.3882352941176,7.967447378042591,130.69823938212218,32.807023741942096,6761.527593214266,83.3692079959204,2735.0955860690697,0.40450852982008934,0.6792851788420725,75.40176061787781,2473.707350774952,0.3658503668989705,0.5769148916951041,0.3436547048344857,11.274288060535074,12.274288060535074,11.274288060535074,8,201.5357093279034,k:8.946539401586262; Y:0.016774501721993042; E:0.051853339723024895; M:0.022385366643911046; W:0.21769268457205287; F:0.06666908774898544; i:0.014116208733218156; P:1.9382574698056263,0,2,1,1,1.0823529411764705,1,0,8,,2,33,,1,47,,1,47,,1,33,,1,27,,1,27,,1,24,,2,11,,2,21,,2,34,,2,51,,1
155-Q0,155,0,Cream Egg,奶油蛋,I,Easter Market,复活节市场,false,RETAIL_SEASON_INACTIVE,Easter,0.03,false,,true,2026-07-26,0.5527026100710236,0.7236486949644882,156.17406728847433,31.23481345769487,780.8703364423717,120.9,ok,69.77942123492245,167.8026939123888,true,120.8,3620.5797636234647,121,3620.585947777314,74.0154425709599,69.77942123482245,261.3882352941176,3.156905528773908,77.17234809973381,82.79887786050938,10010.384333335584,46.8845574290401,3881.9887441111287,0.3877961739374698,0.6334429113774609,43.727651900266196,3620.600508817011,0.36168446567631257,0.5666233175094618,0.19161890130174827,15.865830004648457,16.86583000464846,15.865830004648457,6,214.67075784702698,k:14.206799992491172; F:0.20191257934352505; W:0.2705297881653473; E:0.04771634034531826; i:0.04275204914468095; P:1.0961192551584162,0,2,1,1,1.0823529411764705,1,0,7,,1,37,,2,54,,2,54,,2,37,,2,30,,2,32,,2,12,,1,7,,1,9,,1,30,,1,54,,2
67-Q0,67,0,Xmas Crackers,圣诞拉炮,u,Christmas Market,圣诞市场,false,RETAIL_SEASON_INACTIVE,Xmas,0.03,false,,true,2026-07-26,0.6330491885512232,0.6834754057243884,13.7,2.74,68.5,11.4,ok,6.484413034280247,15.94403114401908,true,11.3,1815.032872290402,11.5,1815.4668202588334,6.878055048961071,6.484413034180247,261.3882352941176,0.5689041630052278,7.446959211966298,459.4591713186595,5237.834553032719,4.52194495103893,2077.649079952943,0.3966618378104324,0.6574452979584642,3.953040788033702,1816.2608446588254,0.3467579638626054,0.5308261634737675,0.016668574559774958,7.658529454297492,8.658529454297492,7.658529454297492,6,209.76550974915952,Y:3.0764366667313428; E:1.9646016608600148; M:2.030317311482455; W:0.13842292117900765; R:0.22044529501251756; O:0.22830559903215406,0,2,1,1,1.0823529411764705,1,0,13,,1,41,,6,48,,6,48,,6,41,,6,54,,6,57,,6,18,,1,13,,1,1,,1,9,,1,46,,4
144-Q0,144,0,Xmas Ornament,圣诞装饰,u,Christmas Market,圣诞市场,false,RETAIL_SEASON_INACTIVE,Xmas,0.03,false,,true,2026-07-26,0.8878067199151778,0.5560966400424111,24.115725131431212,4.823145026286243,120.57862565715607,20.3,ok,9.10169862832773,31.006025087719433,true,20.2,515.6456115947781,20.4,515.7268615613896,9.65422527436485,9.10169862822773,261.3882352941176,3.580655694576124,13.234880968940974,73.0001032185421,1481.9020953364045,10.645774725635151,777.1426538127126,0.5244224002775937,1.10270626830132,7.065119031059027,515.754418518595,0.3480354202492131,0.5338256571886918,0.023015304214510927,1.6801195832654445,2.6801195832654443,1.6801195832654445,5,192.4370918890874,Y:0.9837357288676479; M:0.2609121140366086; E:0.36753229465535814; W:0.013745627692116787; Q:0.054193818013713015,0,2,1,1,1.0823529411764705,1,0,40,,6,40,,5,27,,5,27,,5,40,,5,51,,5,51,,5,29,,2,39,,6,13,,2,13,,2,17,,1
150-Q0,150,0,Tree,圣诞树,u,Christmas Market,圣诞市场,false,RETAIL_SEASON_INACTIVE,Xmas,0.03,false,,true,2026-07-26,1.088656296921838,0.45567185153908096,489.0164747564217,97.80329495128434,2445.0823737821083,354.7,ok,97.80329495128434,621.2221449081427,true,354.6,1013.0808023409793,354.8,1013.0806199003546,88.12771343409159,83.08402442211386,261.3882352941176,54.67285017218052,142.8005636062721,4.780951321742527,1695.803433822074,266.57228656590837,1274.4691257972072,0.7515429562049856,3.024840611180396,211.89943639372788,1013.0808905030897,0.5974046698441722,1.483883753974349,0.9898432404525451,4.732392348759501,5.732392348759501,4.732392348759501,3,176.72916103209892,W:0.0345689866320461; E:0.004380615371995357; v:4.69344274675546,0,2,1,1,1.0823529411764705,1,0,26,,3,1,,1,5,,1,5,,1,1,,1,23,,4,23,,4,34,,3,34,,4,38,,3,32,,3,35,,2
